,Unnamed: 0,date,gain,day
0,0,2019-02-11,1070.0,Mon
1,1,2020-01-01,855.0,Wed
2,2,2020-01-02,-542.5,Thu
3,3,2020-01-03,-857.5,Fri
4,4,2020-01-06,2192.5,Mon
5,5,2020-01-07,307.5,Tue
6,6,2020-01-08,552.5,Wed
7,7,2020-01-09,687.5,Thu
8,8,2020-01-10,-797.5,Fri
9,9,2020-01-13,-130.0,Mon
10,10,2020-01-14,807.5,Tue
11,11,2020-01-15,-157.5,Wed
12,12,2020-01-16,1815.0,Thu
13,13,2020-01-17,570.0,Fri
14,14,2020-01-20,202.5,Mon
15,15,2020-01-21,642.5,Tue
16,16,2020-01-22,805.0,Wed
17,17,2020-01-23,1087.5,Thu
18,18,2020-01-24,377.5,Fri
19,19,2020-01-27,467.5,Mon
20,20,2020-01-28,877.5,Tue
21,21,2020-01-29,1130.0,Wed
22,22,2020-01-30,1402.5,Thu
23,23,2020-01-31,1772.5,Fri
24,24,2020-02-01,8795.0,Sat
25,25,2020-02-03,3217.5,Mon
26,26,2020-02-04,4440.0,Tue
27,27,2020-02-05,1632.5,Wed
28,28,2020-02-06,2327.5,Thu
29,29,2020-02-07,882.5,Fri
30,30,2020-02-10,-790.0,Mon
31,31,2020-02-11,552.5,Tue
32,32,2020-02-12,515.0,Wed
33,33,2020-02-13,382.5,Thu
34,34,2020-02-14,1200.0,Fri
35,35,2020-02-17,202.5,Mon
36,36,2020-02-18,-555.0,Tue
37,37,2020-02-19,-1265.0,Wed
38,38,2020-02-20,72.5,Thu
39,39,2020-02-24,-1000.0,Mon
40,40,2020-02-25,875.0,Tue
41,41,2020-02-26,-1910.0,Wed
42,42,2020-02-27,392.5,Thu
43,43,2020-02-28,25.0,Fri
44,44,2020-03-02,2642.5,Mon
45,45,2020-03-03,1935.0,Tue
46,46,2020-03-04,817.5,Wed
47,47,2020-03-05,1305.0,Thu
48,48,2020-03-06,4080.0,Fri
49,49,2020-03-09,14160.0,Mon
50,50,2020-03-11,8260.0,Wed
51,51,2020-06-03,715.0,Wed
52,52,2020-06-05,2462.5,Fri
53,53,2020-06-08,2505.0,Mon
54,54,2020-06-09,525.0,Tue
55,55,2020-06-10,1165.0,Wed
56,56,2020-06-19,3870.0,Fri
57,57,2020-06-22,2792.5,Mon
58,58,2020-06-23,5072.5,Tue
59,59,2020-06-24,-6860.0,Wed
60,60,2020-06-25,7212.5,Thu
61,61,2020-06-26,1720.0,Fri
62,62,2020-06-29,2515.0,Mon
63,63,2020-06-30,-162.5,Tue
64,64,2020-07-01,4080.0,Wed
65,65,2020-07-02,4177.5,Thu
66,66,2020-07-03,1527.5,Fri
67,67,2020-07-06,-77.5,Mon
68,68,2020-07-07,517.5,Tue
69,69,2020-07-08,4730.0,Wed
70,70,2020-07-09,3100.0,Thu
71,71,2020-07-10,692.5,Fri
72,72,2020-07-13,1542.5,Mon
73,73,2020-07-14,920.0,Tue
74,74,2020-07-15,-1325.0,Wed
75,75,2020-07-16,3515.0,Thu
76,76,2020-07-17,1650.0,Fri
77,77,2020-07-20,995.0,Mon
78,78,2020-07-21,1195.0,Tue
79,79,2020-07-22,1570.0,Wed
80,80,2020-07-23,2295.0,Thu
81,81,2020-07-24,1092.5,Fri
82,82,2020-07-27,1215.0,Mon
83,83,2020-07-28,1527.5,Tue
84,84,2020-07-29,5080.0,Wed
85,85,2020-07-30,2047.5,Thu
86,86,2020-07-31,352.5,Fri
87,87,2020-08-03,1785.0,Mon
88,88,2020-08-04,5840.0,Tue
89,89,2020-08-05,3290.0,Wed
90,90,2020-08-06,857.5,Thu
91,91,2020-08-07,2567.5,Fri
92,92,2020-08-10,430.0,Mon
93,93,2020-08-11,555.0,Tue
94,94,2020-08-12,1117.5,Wed
95,95,2020-08-13,3957.5,Thu
96,96,2020-08-14,1505.0,Fri
97,97,2020-08-17,802.5,Mon
98,98,2020-08-18,1015.0,Tue
99,99,2020-08-19,932.5,Wed
100,100,2020-08-20,2082.5,Thu
101,101,2020-08-21,1080.0,Fri
102,102,2020-08-24,-45.0,Mon
103,103,2020-08-25,602.5,Tue
104,104,2020-08-26,362.5,Wed
105,105,2020-08-27,675.0,Thu
106,106,2020-08-28,1197.5,Fri
107,107,2020-08-31,5470.0,Mon
108,108,2020-09-01,5445.0,Tue
109,109,2020-09-02,310.0,Wed
110,110,2020-09-03,1867.5,Thu
111,111,2020-09-04,695.0,Fri
112,112,2020-09-07,-185.0,Mon
113,113,2020-09-08,-1017.5,Tue
114,114,2020-09-09,35.0,Wed
115,115,2020-09-10,972.5,Thu
116,116,2020-09-11,1190.0,Fri
117,117,2020-09-14,1475.0,Mon
118,118,2020-09-15,1125.0,Tue
119,119,2020-09-16,1400.0,Wed
120,120,2020-09-17,1182.5,Thu
121,121,2020-09-18,1602.5,Fri
122,122,2020-09-21,7510.0,Mon
123,123,2020-09-22,9535.0,Tue
124,124,2020-09-23,247.5,Wed
125,125,2020-09-24,-9945.0,Thu
126,126,2020-09-25,5245.0,Fri
127,127,2020-09-28,3887.5,Mon
128,128,2020-09-29,1232.5,Tue
129,129,2020-09-30,2155.0,Wed
130,130,2020-10-01,2265.0,Thu
131,131,2020-10-05,745.0,Mon
132,132,2020-10-06,727.5,Tue
133,133,2020-10-07,2032.5,Wed
134,134,2020-10-08,-370.0,Thu
135,135,2020-10-09,1410.0,Fri
136,136,2020-10-12,667.5,Mon
137,137,2020-10-13,1435.0,Tue
138,138,2020-10-14,-437.5,Wed
139,139,2020-10-15,1355.0,Thu
140,140,2020-10-16,2017.5,Fri
141,141,2020-10-19,887.5,Mon
142,142,2020-10-20,295.0,Tue
143,143,2020-10-21,-2432.5,Wed
144,144,2020-10-22,3910.0,Thu
145,145,2020-10-23,1325.0,Fri
146,146,2020-10-26,1000.0,Mon
147,147,2020-10-27,4757.5,Tue
148,148,2020-10-28,3527.5,Wed
149,149,2020-10-29,4865.0,Thu
150,150,2020-10-30,5477.5,Fri
151,151,2020-11-02,747.5,Mon
152,152,2020-11-03,142.5,Tue
153,153,2020-11-04,7312.5,Wed
154,154,2020-11-05,3462.5,Thu
155,155,2020-11-06,-2300.0,Fri
156,156,2020-11-09,-580.0,Mon
157,157,2020-11-10,1475.0,Tue
158,158,2020-11-11,-2577.5,Wed
159,159,2020-11-12,3700.0,Thu
160,160,2020-11-13,4132.5,Fri
161,161,2020-11-17,1477.5,Tue
162,162,2020-11-18,832.5,Wed
163,163,2020-11-19,-5530.0,Thu
164,164,2020-11-20,535.0,Fri
165,165,2020-11-23,-457.5,Mon
166,166,2020-11-24,1265.0,Tue
167,167,2020-11-25,10540.0,Wed
168,168,2020-11-26,-8622.5,Thu
169,169,2020-11-27,2797.5,Fri
170,170,2020-12-01,2400.0,Tue
171,171,2020-12-02,1300.0,Wed
172,172,2020-12-03,3395.0,Thu
173,173,2020-12-04,2280.0,Fri
174,174,2020-12-07,-682.5,Mon
175,175,2020-12-08,1240.0,Tue
176,176,2020-12-09,1975.0,Wed
177,177,2020-12-10,2702.5,Thu
178,178,2020-12-11,165.0,Fri
179,179,2020-12-14,775.0,Mon
180,180,2020-12-15,857.5,Tue
181,181,2020-12-16,1307.5,Wed
182,182,2020-12-17,3052.5,Thu
183,183,2020-12-18,480.0,Fri
184,184,2020-12-21,-980.0,Mon
185,185,2020-12-22,5100.0,Tue
186,186,2020-12-23,3567.5,Wed
187,187,2020-12-24,-22.5,Thu
188,188,2020-12-28,745.0,Mon
189,189,2020-12-29,547.5,Tue
190,190,2020-12-30,3742.5,Wed
191,191,2020-12-31,3192.5,Thu
192,192,2021-01-01,1497.5,Fri
193,193,2021-01-04,-1495.0,Mon
194,194,2021-01-05,-590.0,Tue
195,195,2021-01-06,1887.5,Wed
196,196,2021-01-07,2297.5,Thu
197,197,2021-01-08,225.0,Fri
198,198,2021-01-11,-712.5,Mon
199,199,2021-01-12,2225.0,Tue
200,200,2021-01-13,4265.0,Wed
201,201,2021-01-14,4190.0,Thu
202,202,2021-01-15,2285.0,Fri
203,203,2021-01-18,5120.0,Mon
204,204,2021-01-19,4840.0,Tue
205,205,2021-01-20,1145.0,Wed
206,206,2021-01-21,-860.0,Thu
207,207,2021-01-22,3467.5,Fri
208,208,2021-01-25,14432.5,Mon
209,209,2021-01-27,10232.5,Wed
210,210,2021-01-28,6547.5,Thu
211,211,2021-01-29,12750.0,Fri
212,212,2021-02-01,65202.5,Mon
213,213,2021-02-02,2807.5,Tue
214,214,2021-02-03,5165.0,Wed
215,215,2021-02-04,6490.0,Thu
216,216,2021-02-05,3350.0,Fri
217,217,2021-02-08,-110.0,Mon
218,218,2021-02-09,-1830.0,Tue
219,219,2021-02-10,-1475.0,Wed
220,220,2021-02-11,5087.5,Thu
221,221,2021-02-12,1692.5,Fri
222,222,2021-02-15,105.0,Mon
223,223,2021-02-16,1712.5,Tue
224,224,2021-02-17,952.5,Wed
225,225,2021-02-18,4785.0,Thu
226,226,2021-02-19,1450.0,Fri
227,227,2021-02-22,18800.0,Mon
228,228,2021-02-23,3055.0,Tue
229,229,2021-02-25,3465.0,Thu
230,230,2021-02-26,25015.0,Fri
231,231,2021-03-01,8150.0,Mon
232,232,2021-03-02,-482.5,Tue
233,233,2021-03-03,3325.0,Wed
234,234,2021-03-04,7542.5,Thu
235,235,2021-03-05,7652.5,Fri
236,236,2021-03-08,2830.0,Mon
237,237,2021-03-09,435.0,Tue
238,238,2021-03-10,3612.5,Wed
239,239,2021-03-12,16467.5,Fri
240,240,2021-03-15,270.0,Mon
241,241,2021-03-16,2092.5,Tue
242,242,2021-03-17,8352.5,Wed
243,243,2021-03-18,11582.5,Thu
244,244,2021-03-19,37020.0,Fri
245,245,2021-03-22,4897.5,Mon
246,246,2021-03-23,5310.0,Tue
247,247,2021-03-24,5455.0,Wed
248,248,2021-03-25,6175.0,Thu
249,249,2021-03-26,8167.5,Fri
250,250,2021-03-30,3780.0,Tue
251,251,2021-03-31,2650.0,Wed
252,252,2021-04-01,-1062.5,Thu
253,253,2021-04-05,13350.0,Mon
254,254,2021-04-06,2685.0,Tue
255,255,2021-04-07,2952.5,Wed
256,256,2021-04-08,1797.5,Thu
257,257,2021-04-09,2177.5,Fri
258,258,2021-04-12,422.5,Mon
259,259,2021-04-13,1065.0,Tue
260,260,2021-04-15,-1777.5,Thu
261,261,2021-04-16,1052.5,Fri
262,262,2021-04-19,4797.5,Mon
263,263,2021-04-20,7475.0,Tue
264,264,2021-04-22,9787.5,Thu
265,265,2021-04-23,-2045.0,Fri
266,266,2021-04-26,1595.0,Mon
267,267,2021-04-27,4477.5,Tue
268,268,2021-04-28,1862.5,Wed
269,269,2021-04-29,11392.5,Thu
270,270,2021-04-30,4742.5,Fri
271,271,2021-05-03,370.0,Mon
272,272,2021-05-04,5640.0,Tue
273,273,2021-05-05,1140.0,Wed
274,274,2021-05-06,4632.5,Thu
275,275,2021-05-07,-35.0,Fri
276,276,2021-05-10,855.0,Mon
277,277,2021-05-11,1230.0,Tue
278,278,2021-05-12,5700.0,Wed
279,279,2021-05-14,87.5,Fri
280,280,2021-05-17,3815.0,Mon
281,281,2021-05-18,-1085.0,Tue
282,282,2021-05-19,2110.0,Wed
283,283,2021-05-20,2662.5,Thu
284,284,2021-05-21,3617.5,Fri
285,285,2021-05-24,1250.0,Mon
286,286,2021-05-25,730.0,Tue
287,287,2021-05-26,2405.0,Wed
288,288,2021-05-27,2377.5,Thu
289,289,2021-05-28,915.0,Fri
290,290,2021-05-31,3227.5,Mon
291,291,2021-06-01,1450.0,Tue
292,292,2021-06-02,1887.5,Wed
293,293,2021-06-03,1462.5,Thu
294,294,2021-06-04,930.0,Fri
295,295,2021-06-07,330.0,Mon
296,296,2021-06-08,1272.5,Tue
297,297,2021-06-09,885.0,Wed
298,298,2021-06-10,2135.0,Thu
299,299,2021-06-11,1210.0,Fri
300,300,2021-06-14,5485.0,Mon
301,301,2021-06-15,575.0,Tue
302,302,2021-06-16,885.0,Wed
303,303,2021-06-17,1682.5,Thu
304,304,2021-06-18,-520.0,Fri
305,305,2021-06-21,5905.0,Mon
306,306,2021-06-22,1032.5,Tue
307,307,2021-06-23,2882.5,Wed
308,308,2021-06-24,4022.5,Thu
309,309,2021-06-25,2020.0,Fri
310,310,2021-06-28,160.0,Mon
311,311,2021-06-29,1685.0,Tue
312,312,2021-06-30,1472.5,Wed
313,313,2021-07-01,2272.5,Thu
314,314,2021-07-02,2115.0,Fri
315,315,2021-07-05,432.5,Mon
316,316,2021-07-06,-747.5,Tue
317,317,2021-07-07,-1270.0,Wed
318,318,2021-07-08,90.0,Thu
319,319,2021-07-09,2172.5,Fri
320,320,2021-07-12,-215.0,Mon
321,321,2021-07-13,637.5,Tue
322,322,2021-07-14,662.5,Wed
323,323,2021-07-15,1062.5,Thu
324,324,2021-07-16,447.5,Fri
325,325,2021-07-19,1417.5,Mon
326,326,2021-07-20,2120.0,Tue
327,327,2021-07-22,1507.5,Thu
328,328,2021-07-23,-1660.0,Fri
329,329,2021-07-26,987.5,Mon
330,330,2021-07-27,1562.5,Tue
331,331,2021-07-28,-3782.5,Wed
332,332,2021-07-29,2152.5,Thu
333,333,2021-07-30,-837.5,Fri
334,334,2021-08-02,-75.0,Mon
335,335,2021-08-03,932.5,Tue
336,336,2021-08-04,2172.5,Wed
337,337,2021-08-05,3410.0,Thu
338,338,2021-08-06,2250.0,Fri
339,339,2021-08-09,-172.5,Mon
340,340,2021-08-10,180.0,Tue
341,341,2021-08-11,1730.0,Wed
342,342,2021-08-12,2472.5,Thu
343,343,2021-08-13,747.5,Fri
344,344,2021-08-16,757.5,Mon
345,345,2021-08-17,-955.0,Tue
346,346,2021-08-18,1495.0,Wed
347,347,2021-08-20,-397.5,Fri
348,348,2021-08-23,1432.5,Mon
349,349,2021-08-24,1650.0,Tue
350,350,2021-08-25,1570.0,Wed
351,351,2021-08-26,2817.5,Thu
352,352,2021-08-27,862.5,Fri
353,353,2021-08-30,1547.5,Mon
354,354,2021-08-31,3297.5,Tue
355,355,2021-09-01,5590.0,Wed
356,356,2021-09-02,1357.5,Thu
357,357,2021-09-03,-1272.5,Fri
358,358,2021-09-06,25.0,Mon
359,359,2021-09-07,1365.0,Tue
360,360,2021-09-08,1270.0,Wed
361,361,2021-09-09,2500.0,Thu
362,362,2021-09-13,2000.0,Mon
363,363,2021-09-14,1135.0,Tue
364,364,2021-09-15,2240.0,Wed
365,365,2021-09-16,755.0,Thu
366,366,2021-09-17,5295.0,Fri
367,367,2021-09-20,-10722.5,Mon
368,368,2021-09-21,-250.0,Tue
369,369,2021-09-22,-690.0,Wed
370,370,2021-09-23,1502.5,Thu
371,371,2021-09-24,1937.5,Fri
372,372,2021-09-27,1355.0,Mon
373,373,2021-09-28,1562.5,Tue
374,374,2021-09-29,997.5,Wed
375,375,2021-09-30,5090.0,Thu
376,376,2021-10-01,2340.0,Fri
377,377,2021-10-04,4997.5,Mon
378,378,2021-10-05,3432.5,Tue
379,379,2021-10-06,-1067.5,Wed
380,380,2021-10-07,1725.0,Thu
381,381,2021-10-08,1410.0,Fri
382,382,2021-10-11,910.0,Mon
383,383,2021-10-12,-285.0,Tue
384,384,2021-10-13,1485.0,Wed
385,385,2021-10-14,2147.5,Thu
386,386,2021-10-18,1005.0,Mon
387,387,2021-10-19,3055.0,Tue
388,388,2021-10-20,7102.5,Wed
389,389,2021-10-21,8180.0,Thu
390,390,2021-10-22,4920.0,Fri
391,391,2021-10-25,4640.0,Mon
392,392,2021-10-26,-112.5,Tue
393,393,2021-10-27,4457.5,Wed
394,394,2021-10-28,10730.0,Thu
395,395,2021-10-29,9432.5,Fri
396,396,2021-11-01,2105.0,Mon
397,397,2021-11-02,3242.5,Tue
398,398,2021-11-03,2870.0,Wed
399,399,2021-11-08,6947.5,Mon
400,400,2021-11-09,420.0,Tue
401,401,2021-11-10,807.5,Wed
402,402,2021-11-11,6782.5,Thu
403,403,2021-11-12,-550.0,Fri
404,404,2021-11-15,440.0,Mon
405,405,2021-11-16,2605.0,Tue
406,406,2021-11-17,-10.0,Wed
407,407,2021-11-18,8975.0,Thu
408,408,2021-11-22,11175.0,Mon
409,409,2021-11-23,4987.5,Tue
410,410,2021-11-24,5187.5,Wed
411,411,2021-11-25,6892.5,Thu
412,412,2021-11-26,25.0,Fri
413,413,2021-11-29,7827.5,Mon
414,414,2021-11-30,-627.5,Tue
415,415,2021-12-01,5447.5,Wed
416,416,2021-12-02,5650.0,Thu
417,417,2021-12-03,10790.0,Fri
418,418,2021-12-06,11180.0,Mon
419,419,2021-12-07,4305.0,Tue
420,420,2021-12-08,1785.0,Wed
421,421,2021-12-09,1265.0,Thu
422,422,2021-12-10,590.0,Fri
423,423,2021-12-13,7562.5,Mon
424,424,2021-12-14,-1367.5,Tue
425,425,2021-12-15,-1300.0,Wed
426,426,2021-12-16,7617.5,Thu
427,427,2021-12-17,627.5,Fri
428,428,2021-12-20,3120.0,Mon
429,429,2021-12-21,-2447.5,Tue
430,430,2021-12-22,3965.0,Wed
431,431,2021-12-23,3867.5,Thu
432,432,2021-12-24,1910.0,Fri
433,433,2021-12-27,222.5,Mon
434,434,2021-12-28,1615.0,Tue
435,435,2021-12-29,2380.0,Wed
436,436,2021-12-30,3455.0,Thu
437,437,2021-12-31,1897.5,Fri
438,438,2022-01-03,2822.5,Mon
439,439,2022-01-04,-2575.0,Tue
440,440,2022-01-05,2960.0,Wed
441,441,2022-01-06,4315.0,Thu
442,442,2022-01-07,-2552.5,Fri
443,443,2022-01-10,2452.5,Mon
444,444,2022-01-11,1385.0,Tue
445,445,2022-01-12,970.0,Wed
446,446,2022-01-13,2595.0,Thu
447,447,2022-01-14,-705.0,Fri
448,448,2022-01-17,2095.0,Mon
449,449,2022-01-18,-362.5,Tue
450,450,2022-01-19,7537.5,Wed
451,451,2022-01-20,1742.5,Thu
452,452,2022-01-21,4787.5,Fri
453,453,2022-01-24,17645.0,Mon
454,454,2022-01-25,17202.5,Tue
455,455,2022-01-27,-712.5,Thu
456,456,2022-01-28,662.5,Fri
457,457,2022-01-31,-6605.0,Mon
458,458,2022-02-01,32917.5,Tue
459,459,2022-02-02,2940.0,Wed
460,460,2022-02-03,5165.0,Thu
461,461,2022-02-04,3090.0,Fri
462,462,2022-02-07,8745.0,Mon
463,463,2022-02-08,280.0,Tue
464,464,2022-02-09,1700.0,Wed
465,465,2022-02-10,4605.0,Thu
466,466,2022-02-11,-82.5,Fri
467,467,2022-02-14,5185.0,Mon
468,468,2022-02-15,1435.0,Tue
469,469,2022-02-16,-1975.0,Wed
470,470,2022-02-17,11637.5,Thu
471,471,2022-02-18,3787.5,Fri
472,472,2022-02-21,5790.0,Mon
473,473,2022-02-22,8560.0,Tue
474,474,2022-02-23,5387.5,Wed
475,475,2022-02-24,-20230.0,Thu
476,476,2022-02-25,-5587.5,Fri
477,477,2022-02-28,23122.5,Mon
478,478,2022-03-02,2387.5,Wed
479,479,2022-03-03,14342.5,Thu
480,480,2022-03-04,-1035.0,Fri
481,481,2022-03-07,922.5,Mon
482,482,2022-03-08,3002.5,Tue
483,483,2022-03-09,12325.0,Wed
484,484,2022-03-10,10445.0,Thu
485,485,2022-03-11,-267.5,Fri
486,486,2022-03-14,9067.5,Mon
487,487,2022-03-15,17605.0,Tue
488,488,2022-03-16,-4907.5,Wed
489,489,2022-03-17,8872.5,Thu
490,490,2022-03-21,8577.5,Mon
491,491,2022-03-22,16217.5,Tue
492,492,2022-03-23,9405.0,Wed
493,493,2022-03-24,9555.0,Thu
494,494,2022-03-25,1515.0,Fri
495,495,2022-03-28,2342.5,Mon
496,496,2022-03-29,495.0,Tue
497,497,2022-03-30,290.0,Wed
498,498,2022-03-31,3182.5,Thu
499,499,2022-04-01,11707.5,Fri
500,500,2022-04-04,1680.0,Mon
501,501,2022-04-05,5505.0,Tue
502,502,2022-04-06,1567.5,Wed
503,503,2022-04-07,960.0,Thu
504,504,2022-04-08,4775.0,Fri
505,505,2022-04-11,1300.0,Mon
506,506,2022-04-12,3522.5,Tue
507,507,2022-04-13,6055.0,Wed
508,508,2022-04-18,1620.0,Mon
509,509,2022-04-19,-11892.5,Tue
510,510,2022-04-20,2475.0,Wed
511,511,2022-04-21,3240.0,Thu
512,512,2022-04-22,1715.0,Fri
513,513,2022-04-25,-2055.0,Mon
514,514,2022-04-26,-327.5,Tue
515,515,2022-04-27,1640.0,Wed
516,516,2022-04-28,757.5,Thu
517,517,2022-04-29,5385.0,Fri
518,518,2022-05-02,5492.5,Mon
519,519,2022-05-04,19895.0,Wed
520,520,2022-05-05,515.0,Thu
521,521,2022-05-06,1472.5,Fri
522,522,2022-05-09,8160.0,Mon
523,523,2022-05-10,1495.0,Tue
524,524,2022-05-11,5145.0,Wed
525,525,2022-05-12,9412.5,Thu
526,526,2022-05-13,8675.0,Fri
527,527,2022-05-16,-292.5,Mon
528,528,2022-05-17,18372.5,Tue
529,529,2022-05-18,3577.5,Wed
530,530,2022-05-19,8080.0,Thu
531,531,2022-05-20,4310.0,Fri
532,532,2022-05-23,-4192.5,Mon
533,533,2022-05-24,2037.5,Tue
534,534,2022-05-25,5905.0,Wed
535,535,2022-05-26,-6190.0,Thu
536,536,2022-05-27,5477.5,Fri
537,537,2022-05-30,2055.0,Mon
538,538,2022-05-31,-895.0,Tue
539,539,2022-06-01,3400.0,Wed
540,540,2022-06-02,4722.5,Thu
541,541,2022-06-03,9235.0,Fri
542,542,2022-06-06,4062.5,Mon
543,543,2022-06-07,1490.0,Tue
544,544,2022-06-08,7877.5,Wed
545,545,2022-06-09,65.0,Thu
546,546,2022-06-10,-2.5,Fri
547,547,2022-06-13,-2122.5,Mon
548,548,2022-06-14,-1477.5,Tue
549,549,2022-06-15,-4550.0,Wed
550,550,2022-06-16,7192.5,Thu
551,551,2022-06-17,8772.5,Fri
552,552,2022-06-20,5985.0,Mon
553,553,2022-06-21,7215.0,Tue
554,554,2022-06-22,337.5,Wed
555,555,2022-06-23,6080.0,Thu
556,556,2022-06-24,2315.0,Fri
557,557,2022-06-27,2147.5,Mon
558,558,2022-06-28,7065.0,Tue
559,559,2022-06-29,477.5,Wed
560,560,2022-06-30,10422.5,Thu
561,561,2022-07-01,-1150.0,Fri
562,562,2022-07-04,2372.5,Mon
563,563,2022-07-05,-2765.0,Tue
564,564,2022-07-06,-160.0,Wed
565,565,2022-07-07,4520.0,Thu
566,566,2022-07-08,1567.5,Fri
567,567,2022-07-11,1132.5,Mon
568,568,2022-07-12,2350.0,Tue
569,569,2022-07-13,1967.5,Wed
570,570,2022-07-14,4532.5,Thu
571,571,2022-07-15,-630.0,Fri
572,572,2022-07-18,2337.5,Mon
573,573,2022-07-19,2085.0,Tue
574,574,2022-07-20,582.5,Wed
575,575,2022-07-21,3517.5,Thu
576,576,2022-07-22,-2030.0,Fri
577,577,2022-07-25,2095.0,Mon
578,578,2022-07-26,1002.5,Tue
579,579,2022-07-27,2240.0,Wed
580,580,2022-07-28,4132.5,Thu
581,581,2022-07-29,-165.0,Fri
582,582,2022-08-01,2190.0,Mon
583,583,2022-08-02,-1552.5,Tue
584,584,2022-08-03,217.5,Wed
585,585,2022-08-04,757.5,Thu
586,586,2022-08-05,3072.5,Fri
587,587,2022-08-08,3922.5,Mon
588,588,2022-08-10,1832.5,Wed
589,589,2022-08-11,4725.0,Thu
590,590,2022-08-12,2495.0,Fri
591,591,2022-08-16,1010.0,Tue
592,592,2022-08-17,-275.0,Wed
593,593,2022-08-18,6750.0,Thu
594,594,2022-08-19,4860.0,Fri
595,595,2022-08-22,2545.0,Mon
596,596,2022-08-23,-602.5,Tue
597,597,2022-08-24,1577.5,Wed
598,598,2022-08-25,-3807.5,Thu
599,599,2022-08-26,335.0,Fri
600,600,2022-08-29,2045.0,Mon
601,601,2022-08-30,9535.0,Tue
602,602,2022-09-01,9170.0,Thu
603,603,2022-09-02,-2390.0,Fri
604,604,2022-09-05,1792.5,Mon
605,605,2022-09-06,200.0,Tue
606,606,2022-09-07,2510.0,Wed
607,607,2022-09-08,3995.0,Thu
608,608,2022-09-09,-260.0,Fri
609,609,2022-09-12,207.5,Mon
610,610,2022-09-13,347.5,Tue
611,611,2022-09-14,1077.5,Wed
612,612,2022-09-15,6047.5,Thu
613,613,2022-09-16,6505.0,Fri
614,614,2022-09-19,3517.5,Mon
615,615,2022-09-20,-1247.5,Tue
616,616,2022-09-21,-4680.0,Wed
617,617,2022-09-23,7550.0,Fri
618,618,2022-09-26,4047.5,Mon
619,619,2022-09-27,2652.5,Tue
620,620,2022-09-28,1260.0,Wed
621,621,2022-09-29,2482.5,Thu
622,622,2022-09-30,19245.0,Fri
623,623,2022-10-03,4370.0,Mon
624,624,2022-10-04,1842.5,Tue
625,625,2022-10-06,5335.0,Thu
626,626,2022-10-07,407.5,Fri
627,627,2022-10-10,157.5,Mon
628,628,2022-10-11,1897.5,Tue
629,629,2022-10-12,-1117.5,Wed
630,630,2022-10-13,4790.0,Thu
631,631,2022-10-14,2762.5,Fri
632,632,2022-10-17,5537.5,Mon
633,633,2022-10-18,-182.5,Tue
634,634,2022-10-19,-875.0,Wed
635,635,2022-10-20,3282.5,Thu
636,636,2022-10-21,545.0,Fri
637,637,2022-10-25,985.0,Tue
638,638,2022-10-27,3187.5,Thu
639,639,2022-10-28,-572.5,Fri
640,640,2022-10-31,-332.5,Mon
641,641,2022-11-01,-42.5,Tue
642,642,2022-11-02,595.0,Wed
643,643,2022-11-03,5830.0,Thu
644,644,2022-11-04,-1090.0,Fri
645,645,2022-11-07,-1162.5,Mon
646,646,2022-11-09,3630.0,Wed
647,647,2022-11-10,2275.0,Thu
648,648,2022-11-11,767.5,Fri
649,649,2022-11-14,1400.0,Mon
650,650,2022-11-15,-1325.0,Tue
651,651,2022-11-16,32.5,Wed
652,652,2022-11-17,1987.5,Thu
653,653,2022-11-18,1167.5,Fri
654,654,2022-11-21,845.0,Mon
655,655,2022-11-22,657.5,Tue
656,656,2022-11-23,925.0,Wed
657,657,2022-11-24,17.5,Thu
658,658,2022-11-25,905.0,Fri
659,659,2022-11-28,42.5,Mon
660,660,2022-11-29,977.5,Tue
661,661,2022-11-30,1280.0,Wed
662,662,2022-12-01,2827.5,Thu
663,663,2022-12-02,872.5,Fri
664,664,2022-12-05,-3327.5,Mon
665,665,2022-12-06,630.0,Tue
666,666,2022-12-07,1852.5,Wed
667,667,2022-12-08,3442.5,Thu
668,668,2022-12-09,5032.5,Fri
669,669,2022-12-12,720.0,Mon
670,670,2022-12-13,-3412.5,Tue
671,671,2022-12-14,837.5,Wed
672,672,2022-12-15,1192.5,Thu
673,673,2022-12-16,815.0,Fri
674,674,2022-12-19,1872.5,Mon
675,675,2022-12-20,920.0,Tue
676,676,2022-12-21,8617.5,Wed
677,677,2022-12-22,6590.0,Thu
678,678,2022-12-23,8417.5,Fri
679,679,2022-12-26,1277.5,Mon
680,680,2022-12-27,1472.5,Tue
681,681,2022-12-28,1427.5,Wed
682,682,2022-12-29,-5627.5,Thu
683,683,2022-12-30,3300.0,Fri
684,684,2023-01-02,2467.5,Mon
685,685,2023-01-03,2192.5,Tue
686,686,2023-01-04,5897.5,Wed
687,687,2023-01-05,652.5,Thu
688,688,2023-01-06,4532.5,Fri
689,689,2023-01-09,967.5,Mon
690,690,2023-01-10,2655.0,Tue
691,691,2023-01-11,4685.0,Wed
692,692,2023-01-12,6060.0,Thu
693,693,2023-01-13,4157.5,Fri
694,694,2023-01-16,2135.0,Mon
695,695,2023-01-17,80.0,Tue
696,696,2023-01-18,3262.5,Wed
697,697,2023-01-19,3565.0,Thu
698,698,2023-01-20,1570.0,Fri
699,699,2023-01-23,915.0,Mon
700,700,2023-01-24,2082.5,Tue
701,701,2023-01-25,4940.0,Wed
702,702,2023-01-27,5395.0,Fri
703,703,2023-01-30,-455.0,Mon
704,704,2023-01-31,12.5,Tue
705,705,2023-02-01,-8657.5,Wed
706,706,2023-02-02,16977.5,Thu
707,707,2023-02-03,-4712.5,Fri
708,708,2023-02-06,282.5,Mon
709,709,2023-02-07,2040.0,Tue
710,710,2023-02-08,2395.0,Wed
711,711,2023-02-09,4005.0,Thu
712,712,2023-02-10,855.0,Fri
713,713,2023-02-13,305.0,Mon
714,714,2023-02-14,1707.5,Tue
715,715,2023-02-15,2885.0,Wed
716,716,2023-02-16,2315.0,Thu
717,717,2023-02-17,540.0,Fri
718,718,2023-02-20,1342.5,Mon
719,719,2023-02-21,1082.5,Tue
720,720,2023-02-22,4017.5,Wed
721,721,2023-02-23,3022.5,Thu
722,722,2023-02-24,2140.0,Fri
723,723,2023-02-27,585.0,Mon
724,724,2023-02-28,1930.0,Tue
725,725,2023-03-01,2652.5,Wed
726,726,2023-03-02,1282.5,Thu
727,727,2023-03-03,2220.0,Fri
728,728,2023-03-06,792.5,Mon
729,729,2023-03-08,102.5,Wed
730,730,2023-03-09,1897.5,Thu
731,731,2023-03-10,427.5,Fri
732,732,2023-03-13,4307.5,Mon
733,733,2023-03-14,3465.0,Tue
734,734,2023-03-15,3070.0,Wed
735,735,2023-03-16,5832.5,Thu
736,736,2023-03-17,-1305.0,Fri
737,737,2023-03-20,-3857.5,Mon
738,738,2023-03-21,822.5,Tue
739,739,2023-03-22,282.5,Wed
740,740,2023-03-23,-1120.0,Thu
741,741,2023-03-24,-160.0,Fri
742,742,2023-03-27,917.5,Mon
743,743,2023-03-28,3377.5,Tue
744,744,2023-03-29,-5020.0,Wed
745,745,2023-03-31,1855.0,Fri
746,746,2023-04-03,2142.5,Mon
747,747,2023-04-05,3255.0,Wed
748,748,2023-04-06,4052.5,Thu
749,749,2023-04-10,975.0,Mon
750,750,2023-04-11,727.5,Tue
751,751,2023-04-12,232.5,Wed
752,752,2023-04-17,160.0,Mon
753,753,2023-04-18,1485.0,Tue
754,754,2023-04-19,922.5,Wed
755,755,2023-04-20,2500.0,Thu
756,756,2023-04-21,482.5,Fri
757,757,2023-04-24,557.5,Mon
758,758,2023-04-25,-255.0,Tue
759,759,2023-04-26,802.5,Wed
760,760,2023-04-27,860.0,Thu
761,761,2023-04-28,2597.5,Fri
762,762,2023-05-02,560.0,Tue
763,763,2023-05-03,-1987.5,Wed
764,764,2023-05-04,107.5,Thu
765,765,2023-05-05,-2300.0,Fri
766,766,2023-05-08,355.0,Mon
767,767,2023-05-09,370.0,Tue
768,768,2023-05-10,-717.5,Wed
769,769,2023-05-11,3825.0,Thu
770,770,2023-05-12,-500.0,Fri
771,771,2023-05-15,-432.5,Mon
772,772,2023-05-16,2525.0,Tue
773,773,2023-05-17,1385.0,Wed
774,774,2023-05-18,1107.5,Thu
775,775,2023-05-19,-587.5,Fri
776,776,2023-05-22,722.5,Mon
777,777,2023-05-23,1110.0,Tue
778,778,2023-05-24,635.0,Wed
779,779,2023-05-25,505.0,Thu
780,780,2023-05-26,1027.5,Fri
781,781,2023-05-29,897.5,Mon
782,782,2023-05-30,357.5,Tue
783,783,2023-05-31,-237.5,Wed
784,784,2023-06-01,1345.0,Thu
785,785,2023-06-02,-2267.5,Fri
786,786,2023-06-05,890.0,Mon
787,787,2023-06-06,5.0,Tue
788,788,2023-06-07,97.5,Wed
789,789,2023-06-08,1357.5,Thu
790,790,2023-06-09,895.0,Fri
791,791,2023-06-12,605.0,Mon
792,792,2023-06-13,335.0,Tue
793,793,2023-06-14,222.5,Wed
794,794,2023-06-15,1772.5,Thu
795,795,2023-06-16,-1675.0,Fri
796,796,2023-06-19,1195.0,Mon
797,797,2023-06-20,630.0,Tue
798,798,2023-06-21,-255.0,Wed
799,799,2023-06-22,-990.0,Thu
800,800,2023-06-23,952.5,Fri
801,801,2023-06-26,-602.5,Mon
802,802,2023-06-27,1807.5,Tue
803,803,2023-06-28,2957.5,Wed
804,804,2023-06-30,695.0,Fri
805,805,2023-07-03,172.5,Mon
806,806,2023-07-04,452.5,Tue
807,807,2023-07-05,360.0,Wed
808,808,2023-07-06,4712.5,Thu
809,809,2023-07-07,4135.0,Fri
810,810,2023-07-10,52.5,Mon
811,811,2023-07-11,-35.0,Tue
812,812,2023-07-12,955.0,Wed
813,813,2023-07-13,-2787.5,Thu
814,814,2023-07-14,-2515.0,Fri
815,815,2023-07-17,1532.5,Mon
816,816,2023-07-18,1267.5,Tue
817,817,2023-07-19,55.0,Wed
818,818,2023-07-20,3400.0,Thu
819,819,2023-07-21,645.0,Fri
820,820,2023-07-24,150.0,Mon
821,821,2023-07-25,690.0,Tue
822,822,2023-07-26,750.0,Wed
823,823,2023-07-27,4740.0,Thu
824,824,2023-07-28,515.0,Fri
825,825,2023-07-31,1785.0,Mon
826,826,2023-08-01,817.5,Tue
827,827,2023-08-02,1465.0,Wed
828,828,2023-08-03,562.5,Thu
829,829,2023-08-04,90.0,Fri
830,830,2023-08-07,445.0,Mon
831,831,2023-08-08,730.0,Tue
832,832,2023-08-09,762.5,Wed
833,833,2023-08-10,5132.5,Thu
834,834,2023-08-11,1092.5,Fri
835,835,2023-08-14,2205.0,Mon
836,836,2023-08-16,1832.5,Wed
837,837,2023-08-17,3510.0,Thu
838,838,2023-08-18,5.0,Fri
839,839,2023-08-21,557.5,Mon
840,840,2023-08-22,670.0,Tue
841,841,2023-08-23,945.0,Wed
842,842,2023-08-24,1310.0,Thu
843,843,2023-08-25,-285.0,Fri
844,844,2023-08-28,1075.0,Mon
845,845,2023-08-29,1642.5,Tue
846,846,2023-08-30,-695.0,Wed
847,847,2023-08-31,-992.5,Thu
848,848,2023-09-01,3922.5,Fri
849,849,2023-09-04,-1487.5,Mon
850,850,2023-09-05,672.5,Tue
851,851,2023-09-06,-2025.0,Wed
852,852,2023-09-07,-1237.5,Thu
853,853,2023-09-08,-2137.5,Fri
854,854,2023-09-11,800.0,Mon
855,855,2023-09-12,1742.5,Tue
856,856,2023-09-13,1462.5,Wed
857,857,2023-09-15,380.0,Fri
858,858,2023-09-18,1182.5,Mon
859,859,2023-09-20,4197.5,Wed
860,860,2023-09-21,2507.5,Thu
861,861,2023-09-22,350.0,Fri
862,862,2023-09-25,-1922.5,Mon
863,863,2023-09-26,1035.0,Tue
864,864,2023-09-27,2422.5,Wed
865,865,2023-09-28,345.0,Thu
866,866,2023-09-29,592.5,Fri
867,867,2023-10-03,492.5,Tue
868,868,2023-10-04,-2060.0,Wed
869,869,2023-10-06,422.5,Fri
870,870,2023-10-09,-955.0,Mon
871,871,2023-10-10,-197.5,Tue
872,872,2023-10-11,740.0,Wed
873,873,2023-10-13,-1990.0,Fri
874,874,2023-10-16,-325.0,Mon
875,875,2023-10-17,622.5,Tue
876,876,2023-10-18,3612.5,Wed
877,877,2023-10-19,-330.0,Thu
878,878,2023-10-20,935.0,Fri
879,879,2023-10-23,5222.5,Mon
880,880,2023-10-25,6140.0,Wed
881,881,2023-10-26,3527.5,Thu
882,882,2023-10-27,3807.5,Fri
883,883,2023-10-30,-357.5,Mon
884,884,2023-10-31,1887.5,Tue
